state_id,year,avg_temp
TX,2015,59.291666666666664
TX,2016,61.71666666666667
TX,2017,63.76666666666667
TX,2018,60.93333333333334
TX,2019,60.6
TX,2020,62.291666666666664
TX,2021,59.458333333333336
TX,2022,60.55833333333334
TX,2023,63.083333333333336
TX,2024,62.36666666666667
TX,2025,47.53333333333333
